{
	"kanji": "关",
	"meanings": ["frontier pass", "close", "relation"],
	"frequency": {
		"mean": 4184,
		"twitter": 1726,
		"wikipedia": 3871
	},
	"strokes": [
		"M 35.910208,17.62 c 3.69,2.55 9.54,10.48 10.47,14.44",
		"M 69.280208,14.64 c 0.05,0.58 0.22,1.54 -0.1,2.34 -1.65,4.14 -5.03,9.39 -10.9,16.52",
		"M 37.320208,39.34 c 1.96,0.29 3.96,0.31 5.58,0.13 6.28,-0.69 17.97,-2.39 24.4,-3.01 1.98,-0.19 3.88,-0.35 5.84,0.13",
		"M 30.270208,61.73 c 3.26,0.77 5.78,0.8 8.64,0.46 12.12,-1.44 26.11,-2.7 35.12,-3.35 3.02,-0.22 6.01,-0.07 8.98,0.64",
		"M 51.710208,42.12 c 0.6,0.76 0.77,2.38 0.7,3.84 -1.43,27.29 -11.79,41.04 -29.43,47.41",
		"M 51.980208,61.89 c 5.79,5.58 15.85,16.6 23.41,23.76 3.14,2.97 6.01,4.84 8.49,6.14"
	]
}
