{
	"kanji": "愧",
	"meanings": ["feel ashamed", "shy"],
	"onyomi": {
		"frequent": [],
		"common": [],
		"rare": ["キ"]
	},
	"kunyomi": {
		"frequent": [],
		"common": [],
		"rare": ["はじ", "はずかし", "とが"],
		"okurigana": ["はじ.る", "はじ.らう", "はずかし.める", "とが.める"]
	},
	"frequency": {
		"mean": 3861,
		"literature": 2756,
		"wikipedia": 3968
	},
	"strokes": [
		"M16.22,36.5c0.02,4.31-1.94,14.14-3.69,17.5",
		"M30.77,32.33c2.22,2.23,5.74,9.17,6.29,12.63",
		"M21.87,12.75c1.09,0.5,1.74,2.25,1.96,3.25c0.22,1,0,73.75-0.22,80",
		"M65.45,13.5c0.04,0.37,0.14,1.05-0.07,1.47c-2.54,5.15-6.29,9.88-12.91,14.03",
		"M45,29.64c0.29,0.56,0.3,0.92,0.46,1.6c1.31,5.56,3.43,16.88,4.2,27.05",
		"M46.39,31.04c10.42-0.08,30.57-2.63,38.35-2.81c2.86-0.07,4.03,1.76,3.72,4.04c-0.72,5.35-3.17,14.61-5.69,24.13",
		"M 64.496437,31.22814 c 0.238081,7.767591 0.33858,13.254811 0.482549,23.063147",
		"M48.75,43.74c3.39-0.11,32.56-2.32,37.3-2.65",
		"M50.21,56.38c11.1-1.38,20.39-1.43,31.67-2.4",
		"M58,59.25c0.28,0.78,0.87,2.32,0.41,3.55c-3.17,8.55-11.83,24.76-26.17,33.95",
		"M67.41,56.37c0.66,1.19,1.18,2.59,1.22,4.43c0.18,8.19,0.03,13.51-0.29,24.61s3.63,12.3,14.65,12.3s12.52-0.45,12.52-9.94",
		"M82.24,63.22c0.22,0.42,0.14,2.33-0.07,2.84c-1.92,4.68-3.87,7.46-6.92,12.23c-0.97,1.51,0.08,3.03,1.45,2.51c4.77-1.8,7.3-2.55,11.93-4.44",
		"M86.02,72.43c1.5,1.46,4.81,7.26,5.18,9.54"
	]
}
