{
	"kanji": "才",
	"meanings": ["genius", "years old", "cubic shaku"],
	"keyword": "genius",
	"onyomi": {
		"frequent": ["サイ"],
		"common": [],
		"rare": []
	},
	"frequency": {
		"mean": 1157,
		"literature": 938,
		"news": 1399,
		"twitter": 965,
		"wikipedia": 1153
	},
	"strokes": [
		"M 18.62,38.5 c 2.62,0.62 4.54,0.53 7.82,0.25 C 41.25,37.5 67.62,35 84.75,34 c 3.28,-0.19 5.86,0 8,0.5",
		"M 60.77,13.58 c 1.39,1.39 2.26,2.99 2.26,6.02 0,15.4 -0.01,66.41 -0.01,71.37 0,8.78 -7.21,0.5 -8.71,-0.75",
		"M 73.043742,46.367587 C 62.856133,57.87424 32.711367,80.494361 23.641472,85.467096"
	]
}
