{
	"kanji": "晦",
	"meanings": [
		"dark",
		"disappear"
	],
	"keyword": "last day of the month",
	"onyomi": {
		"frequent": [],
		"common": [],
		"rare": [
			"カイ"
		]
	},
	"kunyomi": {
		"frequent": [],
		"common": [],
		"rare": [
			"つごもり",
			"くら",
			"みそか"
		],
		"okurigana": [
			"くら.い",
			"くら.む"
		]
	},
	"frequency": {
		"mean": 2686,
		"literature": 2365,
		"news": 1705,
		"twitter": 1707,
		"wikipedia": 2643
	},
	"strokes": [
		"M14.02,30.69c0.77,0.77,1.03,1.93,1.03,2.97c0,3.18,0,25.54,0,37.71c0,3.95,0,6.83,0,7.62",
		"M15.69,32.57c4.38-0.93,10.6-1.8,14.69-2.51c2.39-0.41,4.34,0.48,4.34,3.19c0,7.4-0.02,37.01-0.02,43.73",
		"M16.08,53.23c6.67-0.73,11.67-1.48,17.47-2.06",
		"M15.94,75.81c6.56-0.81,10.31-1.31,17.6-1.79",
		"M61.25,12.5c-0.03,1.4-0.28,2.75-0.76,4.05c-2.87,6.95-9.04,17.8-14.49,24.2",
		"M58.13,28.53c1.87,0.22,3.68,0.17,4.6,0.04c6.77-0.94,11.9-1.82,20.82-3.74c2.35-0.51,4.7-0.7,6.99-0.32",
		"M56.7,39.62c0.68,1.51,0.67,2.38,0.07,4.31C53.5,54.38,50,63.75,46.86,71.28c-1.26,3.01-0.17,3.75,2.39,4.01c10.4,1.06,21.86,3.2,32.41,7.65c3.4,1.44,6.7,3.11,9.85,5.07",
		"M57.5,41.91c1.5,0.59,2.9,0.46,3.78,0.36c8-0.88,12.1-1.77,19.97-2.71c2.53-0.3,5.04,0.31,4.76,3.48c-1.26,14.3-8.04,43.25-11.56,50.59c-2.7,5.63-5.62-0.59-6.62-1.62",
		"M 66.077858,47.195946 c 2.269983,1.293002 4.809791,4.256334 5.300416,6.038107",
		"M 63.92,65.16 c 2.269983,1.293002 4.809791,4.256334 5.300416,6.038107",
		"M40.38,60.67c3.2,0.55,6.39,0.29,9.65-0.01c11.23-1.04,24.46-2.19,38.98-2.85c3.33-0.15,6.61-0.04,9.88,0.48"
	]
}
